carnet,nombres,apellidos,sexo,fecha_nacimiento,profesion,celular,direccion
873947-0,Itzel,Alva Negrete,F,1971-09-06,Abogado,1-122-760-4619x7691,Periférico Quintana Roo 576
752981-1,Jerónimo,Rentería Zapata,F,1977-07-05,Enfermero,823-836-2098,Boulevard Sur Mares 516
916230-2,Roberto,Salgado Meza,M,1999-08-28,Abogado,919.385.5188x239,Pasaje Tamaulipas 823
918119-3,Eva,Estrada Olmos,M,1987-12-17,Programador,(256)863-6533x5116,Continuación Loera 272
210898-4,Julio César,Loya Espinosa,M,1975-04-17,Profesor,1-367-389-0170x24880,Pasaje Serrano 529
684418-5,Amelia,Ibarra Mayorga,M,1971-09-05,Diseñador,159.314.4777,Periférico Norte Ríos 199
389948-6,Mauricio,Anaya Curiel,M,2003-08-25,Doctor,1-186-639-6160x62396,Privada Timor-Leste 986
514134-7,María del Carmen,Solís Velasco,M,1992-06-30,Abogado,+65(5)9542802774,Diagonal Sur Ortega 470
564373-8,Dalia,Valenzuela Pedroza,M,1973-12-29,Abogado,825-451-4861x23474,Cerrada Marruecos 347
108411-9,Gilberto,Iglesias Holguín,F,1992-01-06,Contador,644.436.3967,Viaducto Norte Guevara 786
989750-10,Asunción,Pizarro Chavarría,M,1965-08-17,Doctor,07687234375,Diagonal Colima 764
954484-11,Estela,Garibay Leyva,M,1975-07-27,Doctor,(269)307-5762,Cerrada Tailandia 691
971246-12,Gerónimo,Lemus Calderón,M,1992-11-01,Profesor,071-806-0871,Periférico Colón 759
113614-13,Trinidad,Mayorga Montaño,F,1986-07-28,Electricista,906-760-8135x227,Periférico Norte Valverde 240
913079-14,Florencia,Leyva Aparicio,F,2002-04-11,Electricista,229.834.9477x384,Ampliación Distrito Federal 747
916267-15,Bernabé,Tirado Brito,M,1979-05-31,Doctor,1-795-274-5358x46007,Ampliación Sur Morales 992
801239-16,Nicolás,Roybal Patiño,M,1975-11-18,Arquitecto,277-908-9815x335,Pasaje Senegal 937
180601-17,Emilia,Nazario Ocasio,F,1969-10-30,Programador,1-321-156-7399x5131,Periférico Quintana Roo 379
602522-18,Mario,Carrero Solano,M,1968-10-29,Abogado,1-441-761-6186x360,Boulevard Zacatecas 265
723337-19,José Manuél,Hernádez Piña,F,1973-02-21,Electricista,1-207-743-2460x393,Circunvalación Norte Rosario 903
320264-20,Claudia,Madrid Acuña,M,1992-08-08,Ingeniero,828.697.1935,Avenida Nuevo León 253
126758-21,Frida,Galindo Abrego,M,1967-04-08,Diseñador,04933912931,Diagonal Mares 843
998177-22,Adriana,Lira Casillas,F,1977-07-16,Abogado,135-502-1365x25519,Viaducto Ybarra 108
592266-23,Mayte,Sanches Durán,M,1973-02-20,Doctor,+96(1)2669339290,Diagonal Aguascalientes 195
119081-24,Alejandro,Godoy Colunga,M,1976-11-10,Abogado,829-470-1429,Diagonal Alba 788
940917-25,José Luis,Vásquez Padrón,M,1976-12-26,Contador,038-472-0551x237,Andador Sur Quiñones 396
136981-26,Benjamín,Gaona Gollum,F,1976-05-11,Arquitecto,03864741887,Calzada Puebla 485
994601-27,Sandra,Suárez Escalante,F,2005-08-22,Abogado,1-979-201-7357,Retorno Leal 699
375559-28,Mariano,Rocha Valladares,M,1966-11-17,Contador,(654)127-1952,Circuito Sur Quintana 410
753131-29,Micaela,Loera Casas,M,2000-09-08,Contador,(263)229-0893x449,Continuación Arevalo 136
746414-30,Dulce,Osorio Reynoso,M,1976-05-06,Abogado,(960)099-6039x25714,Calzada Sur Roybal 834
977406-31,Manuel,Pérez Domínguez,M,1998-11-28,Abogado,1-140-497-2207,Peatonal Haití 745
328166-32,Irene,Mejía Montes,M,2004-05-02,Profesor,339-991-3883x7898,Prolongación Zacatecas 553
190818-33,Horacio,Botello Rascón,F,1992-09-13,Arquitecto,(203)539-4781x3565,Prolongación Papua Nueva Guinea 886
681917-34,José Eduardo,Rael Cervántez,F,1997-11-27,Contador,332.586.3248x768,Viaducto Sur Posada 419
441054-35,Amalia,Delgadillo Cisneros,F,2002-11-21,Abogado,(829)044-5913x95126,Cerrada Bahamas 738
174640-36,Sara,Alonso Garica,M,1995-06-06,Electricista,755-357-6725,Circuito Ramón 273
211276-37,Martha,Olvera Limón,M,1971-01-14,Abogado,526-448-0498,Viaducto Norte Lara 639
412655-38,Lorenzo,Burgos Domínguez,F,1977-12-27,Contador,448.218.9871,Cerrada Nicaragua 760
374227-39,Ignacio,Abreu Guillen,F,1989-05-19,Enfermero,706.834.9776,Diagonal Norte Paredes 438
369387-40,Pilar,Gastélum Benavides,F,1994-11-11,Abogado,685-830-3818x022,Calle Polonia 583
163964-41,Benito,Garza Villarreal,M,1991-10-26,Programador,1-234-828-5273x03113,Periférico Solís 814
319217-42,Bernabé,Calderón de Jesús,M,1965-03-20,Ingeniero,+18(2)6209548672,Privada Sur Arce 496
559874-43,Leonardo,Rivas Aparicio,F,1979-12-08,Abogado,794-860-2858x753,Prolongación Montenegro 767
225123-44,Israel,Casares Delgado,M,1980-03-12,Enfermero,(344)406-9627,Viaducto Muñoz 627
748685-45,Barbara,Orta Guzmán,M,1991-08-20,Arquitecto,919-612-3466x49356,Circuito Seychelles 200
990678-46,Carmen,Gallardo Fonseca,M,2006-10-30,Programador,566.400.7031x5328,Retorno Norte Niño 153
341590-47,Gerardo,Valdez Lara,F,1973-09-01,Profesor,+92(4)5739415466,Cerrada Fiji 140
688618-48,Asunción,Domínguez Bermúdez,M,1991-05-04,Profesor,894.186.6946x6537,Diagonal Baja California Sur 973
362305-49,Aldo,Guerra Zavala,M,1966-08-20,Electricista,1-912-379-3472,Eje vial El Salvador 394
572313-50,Clemente,Ortega Esparza,M,1989-05-17,Abogado,1-302-742-9995,Circuito Norte Marrero 988
918428-51,Esperanza,Valenzuela Zayas,F,1973-04-18,Electricista,090-580-6353,Prolongación Nuevo León 570
860046-52,Cristal,Cervantes Corral,M,1997-01-29,Diseñador,004-440-7554,Peatonal Carrillo 272
535088-53,Salvador,Rolón González,F,1999-06-03,Enfermero,504.725.3911,Eje vial Norte Grijalva 345
942808-54,Reynaldo,Carrero del Valle,M,1991-10-18,Programador,(923)389-2918x589,Andador Veracruz de Ignacio de la Llave 469
289095-55,Judith,Segura Granado,M,1970-03-04,Abogado,+22(9)2301978715,Privada Amador 439
127638-56,Humberto,Rocha Mares,F,1968-01-24,Doctor,1-718-454-3264x3418,Circunvalación Baeza 852
588980-57,Roberto,Moreno Madrigal,M,1974-06-24,Profesor,+36(2)9254956897,Ampliación Tamaulipas 433
216607-58,José,Vaca Nájera,F,1984-03-24,Doctor,(906)233-4300x0351,Callejón Sur Zapata 703
557414-59,Homero,Hidalgo Girón,M,1987-01-03,Diseñador,(926)602-3918x007,Avenida Tuvalu 227
379099-60,Julia,Gallegos Narváez,F,1997-11-17,Doctor,1-995-049-9755x78001,Ampliación Campeche 923
178267-61,Gilberto,Medrano Benavídez,M,1992-05-24,Diseñador,002.188.6302x12603,Diagonal Belarús 948
254684-62,Amalia,Niño Mendoza,F,1970-11-17,Doctor,(563)164-1139x678,Callejón Chiapas 749
325181-63,Alta  Gracia,Serna Puga,M,1964-08-23,Electricista,596.899.7908x92114,Cerrada Coahuila de Zaragoza 254
814020-64,Marisol,Gastélum Barreto,M,1985-03-01,Doctor,(491)237-0185x76197,Eje vial Patiño 407
735708-65,Iván,Figueroa Yáñez,M,1977-05-21,Contador,+61(2)2818322429,Corredor Albania 612
906567-66,Patricia,Archuleta Luevano,F,1986-03-05,Doctor,(982)798-6522x910,Callejón Colima 300
136007-67,Arcelia,Abreu Covarrubias,F,1965-05-04,Enfermero,394.648.0947x902,Callejón Estonia 734
458184-68,Zacarías,Limón Garay,F,1964-05-27,Electricista,1-360-421-4420,Retorno Kuwait 847
408805-69,Marisela,Benavídez Carrión,F,2001-09-23,Ingeniero,848-544-7663,Callejón Puebla 411
829935-70,Reynaldo,Fernández Montoya,M,1978-06-13,Ingeniero,1-230-374-4060,Periférico Baja California Sur 592
526597-71,Marco Antonio,Medina Roybal,F,1991-12-21,Ingeniero,284-061-3818,Andador Zacatecas 624
505050-72,Virginia,Batista Sáenz,F,1990-01-28,Contador,(505)881-3175,Privada Norte Montaño 640
559775-73,Yolanda,Aguayo Arguello,F,1978-07-24,Ingeniero,837-698-2024x21027,Callejón Varela 391
737741-74,Lourdes,Muñoz Nazario,M,1993-07-14,Enfermero,08143373423,Cerrada Sur Urrutia 830
421172-75,Luis Manuel,Barreto Contreras,M,1983-10-09,Arquitecto,02761861030,Avenida Comoras 612
616151-76,Elisa,Castro Brito,F,2001-10-15,Abogado,452.619.8692x03466,Privada República Democrática del Congo 769
601371-77,María Teresa,Salinas Aguilera,F,1970-10-05,Contador,376.905.8633,Privada Emiratos Árabes Unidos 139
854415-78,Norma,Loera Ojeda,M,1966-01-24,Profesor,348.986.9008,Calle Sur Vázquez 684
594504-79,Isabela,Ornelas Ornelas,F,1992-03-04,Enfermero,896.180.3147x66777,Circuito Guerrero 767
594111-80,Alvaro,Cadena Munguía,M,1989-11-30,Profesor,+31(6)9219650150,Privada Tabasco 700
255200-81,Abel,Olivo Saavedra,F,1995-05-25,Arquitecto,989-384-9950,Cerrada Pineda 604
646975-82,Paola,Prado Magaña,F,1978-05-06,Diseñador,(194)264-1573,Eje vial Azerbaiyán 861
397245-83,Mario,Verdugo Feliciano,M,1971-07-20,Doctor,1-908-048-2496x4469,Privada San Luis Potosí 791
882911-84,Guillermo,Bustos Candelaria,M,1980-04-01,Doctor,1-688-594-5279x78101,Avenida Jalisco 112
670764-85,Blanca,Hidalgo Roldán,M,1979-02-14,Ingeniero,(441)517-5424x2411,Periférico Veracruz de Ignacio de la Llave 531
788692-86,Alberto,Valles Olivares,M,1983-02-01,Electricista,649-409-1028x377,Andador Frías 335
478147-87,Oswaldo,Córdova Almaraz,M,2000-02-07,Diseñador,1-085-264-8226,Retorno Matos 177
712940-88,Carlos,Santana Quintana,F,1994-09-09,Enfermero,697-407-1327x259,Pasaje Islandia 522
430672-89,Andrea,Domínguez Valladares,M,1968-01-16,Arquitecto,783-475-6003x59973,Diagonal González 913
398588-90,Linda,Valdés Montalvo,M,1996-08-18,Programador,333.358.3370x9478,Calle Norte Castellanos 159
987970-91,César,Báez Vera,F,1979-02-15,Contador,976.082.7888x499,Diagonal Nayarit 891
711257-92,Lilia,Carreón Baeza,F,1996-03-29,Contador,332-052-0875x2510,Prolongación Guanajuato 689
487121-93,Camila,Toledo Pizarro,M,1990-06-10,Contador,(346)468-7618,Prolongación Nueva Zelandia 866
395244-94,Zacarías,Ibarra Guerrero,F,1973-09-28,Electricista,(037)078-1954x722,Boulevard Uzbekistán 722
330977-95,Salvador,Anaya Piña,F,2000-01-16,Diseñador,552-973-6231x41787,Retorno Tabasco 815
527116-96,Yuridia,Vela Escamilla,M,1972-03-09,Programador,1-380-924-9868x5753,Privada Hidalgo 820
723016-97,Natividad,Noriega Ledesma,F,2006-12-04,Contador,739.649.4797x254,Privada Guanajuato 379
907978-98,Alejandra,Casárez Cabán,F,2000-05-18,Doctor,685-122-4533x0243,Eje vial Norte Zambrano 539
407596-99,Pascual,Véliz Girón,F,1990-04-23,Diseñador,(854)336-6927x4966,Prolongación Norte Barela 604
518475-100,Ana María,Beltrán Segura,F,1984-05-07,Arquitecto,(313)239-8718,Circuito Sur Guzmán 196
454361-101,Gabriela,Puga Noriega,F,1989-07-21,Diseñador,(347)878-5999,Prolongación Ochoa 751
127936-102,Espartaco,Ramón Rendón,M,1974-02-09,Ingeniero,1-465-824-0083,Ampliación Jalisco 247
919078-103,Mariana,Téllez Paredes,M,2004-12-03,Programador,03015351383,Calzada Veracruz de Ignacio de la Llave 201
550642-104,Cristobal,Mota Aragón,F,2006-01-10,Ingeniero,300.316.0747x464,Privada Quintana Roo 577
701512-105,Indira,Carrera Peña,M,1982-03-18,Doctor,(132)631-4978x809,Periférico Carrión 651
641521-106,Rocío,Lira Morales,F,1967-08-15,Profesor,00191465251,Peatonal Coahuila de Zaragoza 235
788386-107,Lucía,Galván Rael,M,1995-03-19,Abogado,(990)263-2291x3386,Circuito Rico 963
297124-108,Gabino,Sevilla Guardado,M,1976-08-03,Doctor,(836)665-3147x5767,Peatonal Durango 545
601690-109,José Manuél,Negrete Solano,F,2005-08-08,Ingeniero,899-693-5585x5484,Diagonal Arellano 530
536248-110,Concepción,Lucio Flórez,F,1995-10-07,Profesor,1-395-439-7217x5920,Corredor Norte Jiménez 139
353020-111,Óscar,Hernádez Segovia,F,1997-11-22,Contador,(727)339-2603x95136,Boulevard Argelia 798
590302-112,Santiago,Colunga Montero,M,2005-07-23,Programador,(331)623-4614,Privada Lucero 342
902708-113,María Teresa,Mejía Ocampo,F,1972-12-15,Diseñador,+05(4)6185752588,Periférico Bueno 423
347150-114,Daniela,Arreola Menchaca,M,1979-01-01,Arquitecto,00205099492,Periférico Ríos 154
359473-115,Adela,Robles Rivera,F,1968-12-04,Contador,224.433.4879x8108,Calzada México 929
809397-116,Jacobo,Raya Colón,F,1996-12-16,Abogado,673-089-7472,Peatonal Guillen 663
753718-117,Isabel,Concepción Guevara,M,1993-06-17,Programador,516-309-1205x975,Calzada Quintana Roo 807
312487-118,Hugo,Villa Domínguez,F,1993-02-19,Doctor,(300)551-9998x54063,Circuito Delgado 551
767528-119,Estela,Rodarte Báez,M,1996-02-18,Abogado,976-295-2902x44892,Retorno Sur Loera 373
828403-120,Leonor,Tórrez Colunga,M,1985-05-05,Arquitecto,444.157.6590x4291,Andador Malawi 727
773289-121,Alfonso,Melgar Zepeda,F,1979-09-24,Programador,893.276.1913x878,Circunvalación Panamá 587
513028-122,Josefina,Colón Villa,M,2005-04-01,Profesor,773.151.8552,Calle Norte Aguirre 508
894055-123,Rocío,Valles Campos,F,2003-11-22,Electricista,262.871.9532x2793,Circunvalación Norte Granados 659
132892-124,María Elena,Aragón Ávalos,M,2000-10-27,Arquitecto,019-143-2263,Calle Etiopía 331
588499-125,Amanda,Pedraza Viera,F,1964-09-04,Doctor,+41(0)9060534643,Callejón Bañuelos 561
279185-126,Sergio,Quiñones Candelaria,M,1968-11-28,Contador,+30(0)3154631048,Calle Sur Villagómez 297
309289-127,Berta,Lomeli Benavídez,M,1978-06-24,Profesor,509-628-0120x19188,Prolongación Norte Partida 420
210482-128,Bruno,Caldera Terán,M,1973-07-27,Diseñador,(296)383-5321x234,Continuación Rolón 589
904731-129,Humberto,Altamirano Hidalgo,F,1967-04-19,Profesor,05303070947,Pasaje Aguascalientes 175
440331-130,Wendolin,Velásquez Marín,M,1964-11-03,Arquitecto,(726)367-7460,Privada Oaxaca 892
900478-131,Elisa,Corona Olivas,M,1969-12-23,Arquitecto,653-871-6851x6503,Corredor Baja California 995
567816-132,Reina,Escalante Centeno,F,1973-09-04,Programador,1-498-971-1457x72398,Eje vial Cantú 824
816600-133,Diana,Cardona Nevárez,M,1976-06-22,Ingeniero,01707064368,Continuación Norte Amador 490
260821-134,Cornelio,Maya Nieto,M,1978-12-01,Ingeniero,418-097-4958,Viaducto Zamudio 671
135964-135,Isaac,Samaniego Peres,F,1992-02-01,Enfermero,04543679500,Viaducto Michoacán de Ocampo 799
614718-136,Jacinto,Aguilar Barragán,F,1987-05-25,Enfermero,(352)426-0873x778,Viaducto Campeche 649
458363-137,Julia,Matías Orta,F,1995-07-23,Arquitecto,829.728.9281x29630,Avenida Miranda 696
464183-138,Daniel,Rocha Arenas,M,1986-03-02,Doctor,132.828.8313x62791,Circuito Italia 583
481880-139,Violeta,Gollum Torres,F,1970-10-20,Profesor,151.808.6293x1606,Periférico Tamaulipas 738
621630-140,Óscar,Rangel Irizarry,F,2000-09-20,Electricista,339.284.6028x8591,Calzada República Dominicana 674
526432-141,Francisca,Zambrano Cardona,F,2000-10-12,Programador,385.256.0051x6282,Eje vial Alcala 290
567756-142,José Luis,Rosado Balderas,F,1994-10-12,Doctor,(178)792-5806x8621,Viaducto Senegal 788
865544-143,Salma,Valverde Hidalgo,M,1978-07-16,Ingeniero,+02(4)8243473809,Ampliación Vigil 550
855754-144,Benjamín,Ávila Calvillo,F,2004-06-07,Electricista,1-440-287-4443x1316,Retorno Juárez 907
821877-145,Adán,Castro Quiñones,M,1975-08-08,Arquitecto,+75(4)3998458240,Calle Fajardo 493
903343-146,Beatriz,Marroquín de la O,M,2006-02-06,Diseñador,455-478-6100,Prolongación Nicaragua 528
152844-147,Concepción,Echeverría Marín,M,1969-02-11,Programador,1-308-093-8039x82213,Pasaje Mena 760
404306-148,Margarita,Abrego Villareal,M,1995-04-27,Profesor,961-849-1847x1608,Privada Medina 494
251352-149,Samuel,Soto Zaragoza,M,1978-11-30,Doctor,108.927.4475x232,Callejón Chihuahua 253
562357-150,Ángela,Valadez Acuña,F,1992-03-11,Electricista,875-049-1611,Calle Namibia 176
538155-151,Nayeli,Alejandro Marín,M,1981-03-31,Ingeniero,478-361-7429x1292,Avenida Serbia 749
380231-152,Eduardo,Orellana Quintero,F,2003-01-22,Programador,056.888.3540,Diagonal Durango 151
226916-153,Eugenio,Lemus Bonilla,F,1980-06-07,Contador,420-186-9185x61761,Cerrada Norte Calvillo 792
272136-154,Delia,Rendón Rodríguez,F,2002-10-24,Programador,(010)280-9960,Ampliación Belarús 592
462627-155,Alejandra,Hidalgo Díaz,F,1971-03-31,Programador,(884)874-4364,Prolongación Estados Unidos de América 903
103825-156,Martín,Valle Corral,F,2004-09-18,Electricista,576-574-2642x0626,Callejón Colima 219
529268-157,José Luis,Fonseca Sosa,M,2003-06-26,Enfermero,834.667.8354,Circuito Sur Tello 146
725811-158,Sessa,Crespo Pizarro,M,1990-06-30,Contador,326.675.4119x044,Retorno Muñoz 154
509813-159,Zeferino,Alarcón Saavedra,F,1988-08-08,Diseñador,082-665-9912,Ampliación Dinamarca 947
715451-160,Lucía,Narváez Casárez,F,1975-10-27,Doctor,(183)670-3538,Corredor Norte Valverde 646
505617-161,Rebeca,Montez Palacios,M,1984-09-10,Diseñador,04406904429,Cerrada Sierra Leona 516
472434-162,Modesto,Gracia Ordóñez,F,1986-12-19,Programador,(431)941-5452,Retorno Sinaloa 883
537036-163,Juana,Grijalva Ríos,F,2004-04-25,Ingeniero,1-454-271-1086x089,Viaducto Grecia 129
361330-164,Abelardo,Barragán de la Fuente,M,1998-12-24,Abogado,125.968.0828x1330,Peatonal Tlaxcala 700
773702-165,Alfredo,Campos Godoy,F,1997-11-15,Profesor,(155)991-3286,Corredor Ortega 264
306306-166,Rubén,Muñoz Griego,M,1978-10-05,Profesor,(347)881-1459x5055,Callejón Niger 241
215077-167,Salma,Madrid Ordóñez,F,1983-11-08,Electricista,02930140594,Retorno Yucatán 533
896453-168,Cristian,Romero Aguilar,F,1982-07-22,Electricista,1-517-073-1734x47829,Calzada Aguascalientes 479
450490-169,Benjamín,Soto Roque,F,1974-01-21,Abogado,414-647-8779,Periférico San Luis Potosí 284
638746-170,Reina,Zaragoza Ontiveros,M,2002-07-23,Abogado,129-520-8367,Retorno Norte Estévez 445
556773-171,María del Carmen,Alvarado Almanza,M,1968-11-19,Diseñador,630.632.5618x3183,Periférico Baja California 538
837032-172,Eloy,Crespo Ybarra,F,1968-11-29,Enfermero,1-188-372-1396,Callejón Norte Casanova 831
984962-173,Socorro,Partida Correa,F,1987-07-08,Diseñador,428.418.9154x71308,Periférico Aguascalientes 490
466608-174,Juan Carlos,Salas Olivárez,F,1970-02-20,Arquitecto,03455039832,Continuación Norte Ledesma 680
291064-175,Dalia,Paz González,F,1977-03-07,Electricista,1-495-748-3210x15198,Peatonal Chavarría 660
490704-176,Jonás,Gaitán Tijerina,F,1985-06-15,Ingeniero,1-102-066-1372x272,Cerrada Estrada 811
514915-177,Aldonza,Gutiérrez Hurtado,F,1984-06-18,Diseñador,1-165-845-6680x61592,Ampliación Ponce 228
835322-178,José,Zarate Alba,F,1972-07-18,Enfermero,476.262.1850,Viaducto Guerrero 137
398092-179,Serafín,Moya Alcaraz,M,2000-03-16,Enfermero,(876)405-0546x019,Corredor Norte Reséndez 773
189934-180,Patricio,Galindo Menchaca,F,1974-01-17,Electricista,768-439-7649,Ampliación Países Bajos 891
625290-181,Rosalia,Adame Sanches,M,1983-07-18,Enfermero,430-198-9334x26094,Continuación Comoras 329
752128-182,Roberto,Rivera Castellanos,M,1989-11-24,Programador,239.144.5226x5169,Calzada Ordóñez 883
242929-183,Citlali,Escobar Griego,M,1970-08-06,Enfermero,484.596.4548x546,Prolongación Coahuila de Zaragoza 669
407668-184,José Luis,Sanabria Montez,F,1975-06-22,Arquitecto,502.025.5601,Eje vial Seychelles 972
266229-185,Elena,Mojica Feliciano,M,1994-03-18,Diseñador,1-885-714-3331x783,Cerrada Quiroz 506
484177-186,José Luis,Hidalgo Benavídez,F,1974-05-18,Doctor,(883)383-4562x6247,Circunvalación Casanova 485
682685-187,Trinidad,Villanueva Linares,F,1971-01-29,Electricista,+16(0)5208351362,Eje vial Yucatán 555
985279-188,Estela,López Riojas,F,1999-02-05,Doctor,(841)568-6817,Viaducto Norte Castellanos 396
579168-189,Luis Manuel,Salgado Nevárez,M,1974-06-30,Electricista,+06(5)8984211180,Continuación Tonga 244
476849-190,Héctor,Camacho Jimínez,F,1974-06-11,Enfermero,1-287-864-3740,Peatonal San Luis Potosí 954
614074-191,Uriel,Nava Ochoa,F,2000-06-24,Arquitecto,(750)186-8225x90941,Corredor Anaya 423
923069-192,Adriana,Baca Castillo,F,1996-07-31,Enfermero,796.156.1253x941,Circuito Sur Tafoya 452
990345-193,Cristina,Colón Chavarría,M,1970-10-22,Doctor,034-667-7905,Boulevard México 536
977287-194,Eva,Valladares Gálvez,M,1987-08-19,Diseñador,509-026-5465x347,Calzada Tejeda 517
271513-195,Homero,Zapata Cavazos,F,1994-10-09,Profesor,577-242-8285x1920,Periférico República Centroafricana 358
787698-196,Silvia,Loya Rocha,M,2006-11-22,Diseñador,(882)573-8908x0807,Privada Sur Velásquez 724
482081-197,Frida,Véliz Moya,M,1990-12-19,Programador,393.164.9186x98379,Retorno Liechtenstein 854
335554-198,Dalia,Avilés Acevedo,M,1971-05-30,Abogado,113.607.4108x7281,Pasaje Turkmenistán 796
722316-199,Esparta,Merino Ávalos,F,1986-02-06,Enfermero,1-693-548-2703,Continuación Barrientos 176
983762-200,Rafaél,Varela Rangel,M,2000-10-15,Programador,(498)024-4077x5636,Continuación Sánchez 888
716426-201,Verónica,León Pacheco,M,1976-10-15,Doctor,161-123-7387x6210,Circunvalación Norte Ramírez 698
473162-202,Rubén,Suárez Carrasco,F,2005-05-09,Ingeniero,1-068-258-2771x17568,Callejón Salazar 355
244390-203,Ilse,Elizondo Alvarado,M,1992-06-20,Programador,+83(9)9218809014,Corredor Michoacán de Ocampo 536
993763-204,Lorena,Quiñónez Franco,M,1992-05-06,Doctor,(550)986-5074x21522,Calzada Nuevo León 834
247852-205,Sessa,Linares Jurado,F,1999-04-29,Doctor,556-032-6863x0317,Prolongación Norte Bañuelos 105
109544-206,Gabino,Ramos Solorzano,M,1982-11-20,Enfermero,1-177-313-7270x58472,Prolongación Sur Alarcón 572
532559-207,Yuridia,Baca Trejo,M,1971-01-14,Diseñador,1-593-894-5862x2854,Boulevard Norte Verduzco 859
572933-208,Marcela,Gaona Puente,M,1970-05-01,Ingeniero,453-828-1150x50110,Diagonal Casillas 659
669399-209,Marco Antonio,Posada Arce,M,1998-08-10,Diseñador,625.483.4779x2299,Cerrada Norte Maestas 684
885795-210,Amanda,Mendoza Bonilla,F,2005-02-09,Profesor,370.290.4014x7916,Ampliación Laureano 516
976809-211,Sergio,Soliz Rosas,F,1990-04-01,Electricista,620.732.2395,Peatonal México 667
191860-212,Gerónimo,Cuellar Acevedo,M,1983-09-17,Electricista,(316)880-7484x88860,Callejón Guanajuato 235
770651-213,Amador,Yáñez Perea,M,1989-04-14,Electricista,(738)109-9453x334,Privada Portugal 296
495832-214,Raúl,Camacho Saldivar,M,1978-08-03,Programador,486.035.2259x4541,Viaducto Tuvalu 579
660367-215,Dolores,Parra Rodríquez,F,1988-09-01,Programador,(399)116-9976,Circuito Sur Alonzo 491
924856-216,Leonel,Rico Marín,F,1998-04-19,Contador,416-632-6665,Andador Norte Romero 591
106555-217,Bruno,Cedillo Lara,F,1966-07-08,Arquitecto,+76(8)2627111500,Eje vial Grijalva 436
112704-218,Yuridia,Méndez Saavedra,M,1981-09-16,Enfermero,1-355-871-7022x6723,Avenida Saint Kitts y Nevis 750
609729-219,Cynthia,Olivares Colunga,M,1998-02-14,Diseñador,327.702.7833x8241,Cerrada Meraz 162
676216-220,Agustín,Llamas Cardenas,F,1977-09-10,Arquitecto,751.376.8452,Prolongación Tlaxcala 146
283359-221,Bruno,Gil Palomo,M,1976-03-05,Ingeniero,01366481237,Continuación Baja California 744
182918-222,Magdalena,Pedraza Montañez,M,1983-07-04,Profesor,828.983.8241,Diagonal Norte Rivero 572
384201-223,Teodoro,Báez Padilla,F,1980-01-30,Abogado,776-177-4037x26890,Circuito Durango 790
748688-224,Concepción,Maya Barrera,M,1971-03-22,Doctor,1-616-414-5679x862,Prolongación Sur Bustamante 658
466839-225,Lucas,Anaya Rentería,F,1979-06-05,Profesor,1-595-877-7431,Calle Arguello 414
620506-226,Cynthia,Gaona Gonzales,F,1995-07-05,Doctor,690-811-8084x88600,Corredor Dinamarca 395
484493-227,Carolina,Almanza Quintana,F,1989-12-24,Diseñador,+03(8)9548870661,Calle Puga 237
835007-228,Ilse,Velasco Roybal,M,1999-07-07,Programador,680-322-6313,Circuito Sur Herrera 784
584372-229,Sandra,Razo Valdivia,M,1994-06-16,Profesor,596.565.4986x006,Diagonal Griego 638
142761-230,Maximiliano,Collazo Leal,M,1972-02-25,Diseñador,1-651-591-0872x442,Callejón Guerrero 277
627800-231,Carlota,Gálvez Almaraz,M,1968-02-21,Doctor,785.889.7524x33041,Periférico Alemán 303
970651-232,Perla,Rubio Estévez,M,2000-12-19,Profesor,+40(9)4064717136,Periférico Cervántez 913
877950-233,Bernabé,Zarate Muro,M,2001-01-09,Diseñador,681-312-0709,Circuito Dinamarca 866
604932-234,Mitzy,Villalpando Mora,M,1974-02-12,Abogado,1-602-318-4614x1253,Callejón Distrito Federal 289
989410-235,Alfonso,Villa Armendáriz,F,1988-11-13,Abogado,830-145-2695x7299,Diagonal Martínez 183
530677-236,Gabriel,Ocasio Madrigal,F,2001-09-05,Enfermero,(939)297-5326x5382,Cerrada Guerrero 782
706067-237,Yeni,Ballesteros Herrera,M,1968-01-08,Diseñador,632-139-4248x63874,Corredor Morelos 212
806951-238,Homero,Alemán Gallardo,M,1974-09-04,Enfermero,1-737-115-7071,Retorno Campeche 603
315986-239,Lucía,Olivera Huerta,M,1994-05-01,Profesor,04840401037,Prolongación Sur Olivárez 767
459433-240,Claudia,Murillo Colón,M,1994-11-25,Diseñador,(955)833-6104x4389,Circunvalación Castillo 618
630158-241,Teodoro,Ulloa Munguía,F,2001-09-05,Diseñador,072-634-7933x6633,Ampliación Norte Garrido 189
188166-242,Hermelinda,Acevedo Prieto,F,1980-06-02,Electricista,(397)173-9339,Calle Sur Quiñones 157
844958-243,Tomás,Salazar Véliz,F,1989-06-20,Contador,(264)458-2343x5334,Calzada Tlaxcala 637
532073-244,Marcela,Samaniego Cervántez,M,1966-12-15,Arquitecto,1-072-271-2883,Pasaje de la Garza 751
717814-245,Rolando,Gallegos Loya,F,1987-11-27,Abogado,+83(9)5765021653,Boulevard Irizarry 619
804133-246,Wilfrido,Rangel Quiñones,F,1972-02-02,Profesor,1-550-201-4506x66720,Pasaje Guanajuato 569
474472-247,Esparta,Padrón Vásquez,F,1967-01-12,Abogado,520-788-6533,Diagonal Palacios 143
703379-248,Miguel Ángel,Velázquez Arevalo,F,1983-04-17,Abogado,+86(3)7931592294,Circuito Sur Guevara 586
451924-249,César,Bétancourt Jurado,F,1980-08-25,Ingeniero,(957)716-1671x876,Periférico Tailandia 599
541441-250,Rosario,Almaraz Ramón,M,1990-09-05,Contador,148.189.7270x8921,Continuación Sur Benavides 669
643422-251,Pamela,Muñoz Figueroa,F,1991-07-21,Doctor,904.779.0900x488,Pasaje Sur Ochoa 316
245792-252,Gloria,Negrete Mora,M,1976-07-10,Arquitecto,718.531.1609,Ampliación Alemania 473
374632-253,Gabriel,Ramos Ojeda,F,1994-01-26,Arquitecto,069-607-4197,Circuito Barragán 376
591251-254,Angélica,Caraballo Madrigal,M,1973-09-24,Contador,(195)492-0882x78926,Calle Chiapas 353
832551-255,Camila,Trejo Escobar,F,1976-09-24,Arquitecto,549-899-7162,Avenida Tabasco 616
691647-256,Silvano,Sánchez Murillo,M,1975-05-29,Contador,07055108009,Cerrada Michoacán de Ocampo 607
139768-257,Sergio,Mendoza Mota,M,1974-03-02,Contador,756.934.6074x7012,Cerrada Mali 661
801709-258,Jorge Luis,Bustamante Calvillo,M,2001-01-16,Ingeniero,269.063.6739x13012,Continuación Nueva Zelandia 160
672262-259,Graciela,Barrientos Sierra,M,1979-03-10,Electricista,277-636-9994x527,Callejón Sáenz 605
345327-260,Jacobo,Medrano Rosas,F,2007-01-24,Electricista,(312)992-5666x5066,Privada Norte Reynoso 605
475363-261,Germán,Romo Pedroza,M,1997-11-11,Arquitecto,500.644.3116,Boulevard Finlandia 709
257468-262,Mauro,Valenzuela Villalobos,F,1980-09-03,Profesor,+49(2)6074432623,Calzada Urbina 559
666781-263,Delia,Leyva Vallejo,F,1976-09-15,Programador,(409)840-2994,Periférico Casas 920
701323-264,René,Otero Aguilar,M,1967-03-28,Doctor,+06(7)3692775270,Diagonal Puebla 122
113378-265,Héctor,Villareal Hernandes,F,1971-03-30,Contador,1-219-803-6342x9560,Circunvalación Sur Palomo 621
903428-266,Rosa,Campos Lucero,M,1998-04-10,Programador,1-830-087-6146,Andador México 455
338430-267,Felix,Guillen Ybarra,M,2001-08-02,Ingeniero,407.760.9712x6899,Calzada Durango 595
658025-268,Marcela,Arreola Herrera,M,1980-03-01,Contador,197-032-2083,Calzada Chiapas 853
103352-269,Germán,Palacios Madrigal,M,1988-04-07,Programador,793-338-1293,Boulevard Sur Bustos 623
992074-270,Elias,Flórez Toro,F,1977-03-04,Enfermero,03870962985,Calzada Carbajal 530
357748-271,Rosa,Alva Campos,M,1976-04-08,Enfermero,(873)898-1514x7932,Viaducto Tapia 841
935342-272,Citlali,Leiva Luna,M,1968-10-11,Abogado,497-640-7303x3893,Callejón Norte Orozco 976
477411-273,Abril,Barragán Rocha,F,1984-07-23,Profesor,1-942-494-9529,Corredor Querétaro 985
936018-274,Nancy,Sarabia Ulloa,M,1987-07-07,Doctor,+98(9)6663423624,Eje vial Norte Mojica 566
251773-275,Dulce María,Saucedo Aragón,M,1988-10-17,Enfermero,286.833.5014,Callejón Puebla 283
419841-276,Lucas,Henríquez Solano,F,1966-12-14,Doctor,480.599.6907,Ampliación Villa 552
853969-277,César,Gallegos de León,F,1999-09-02,Diseñador,(539)843-4396x89192,Viaducto Sur Arenas 299
262983-278,Ruby,Gaona Tapia,M,2005-12-17,Programador,1-940-918-4695x34040,Ampliación Sandoval 557
134417-279,Guillermo,Blanco de la Rosa,F,2004-08-23,Contador,1-267-390-1111x07060,Diagonal Eslovenia 503
766101-280,Gabino,Guzmán Sanches,F,1981-12-17,Arquitecto,1-685-879-6937,Peatonal Norte Valadez 542
666156-281,Berta,del Valle Peralta,F,1969-03-30,Ingeniero,(475)682-8320x553,Continuación Tamaulipas 135
615450-282,Marisela,Feliciano Reyna,F,1994-03-05,Arquitecto,+53(8)6077666858,Privada Quintana Roo 515
671790-283,Leticia,Valentín Gallardo,M,1992-04-06,Programador,146-922-0147,Avenida Cazares 384
376779-284,Isabel,Vázquez Iglesias,M,2002-12-21,Abogado,1-432-046-3654,Boulevard Túnez 384
385605-285,Sara,Valentín Vigil,F,2005-10-20,Abogado,+67(7)5337204604,Privada Sur Saavedra 183
931748-286,Elvira,Aranda Rodarte,F,1979-08-28,Doctor,(571)467-7786x7913,Periférico Morelos 479
914793-287,Verónica,Terán Vega,F,1980-04-17,Programador,+43(7)3488482019,Ampliación Venezuela 214
797086-288,Fidel,de Jesús Armenta,M,1991-08-25,Arquitecto,(095)737-5320x47202,Ampliación Campeche 549
172761-289,María Cristina,Grijalva Zelaya,M,1988-04-05,Programador,(440)915-8856x8525,Eje vial China 924
609449-290,Natividad,Razo Esparza,M,1992-06-12,Programador,1-074-456-0963x31775,Viaducto Sur de la O 814
113158-291,Pablo,Camarillo Sandoval,M,1985-12-24,Electricista,+83(9)7847535235,Periférico Letonia 814
872212-292,Estela,Cantú Padrón,M,1982-09-04,Abogado,(521)889-9588,Andador Niger 234
996354-293,Teodoro,Alba Olivo,F,2004-05-09,Arquitecto,+89(6)7172453149,Diagonal Fajardo 912
279804-294,Yuridia,Hernádez Echeverría,M,2007-01-07,Arquitecto,887-232-0251x879,Corredor Sur Orosco 935
881638-295,Amelia,Mondragón Pantoja,M,2004-08-05,Contador,411-367-1203x7621,Continuación Sur Carranza 776
111682-296,Alejandro,Montaño Flores,F,1978-04-23,Diseñador,802-963-9033x2717,Privada Mendoza 416
418424-297,Zeferino,Baca Maya,M,1965-04-28,Profesor,204-158-1839x79472,Viaducto Portugal 332
548035-298,Aldo,Pelayo Olivas,F,1997-12-30,Electricista,697.223.5137x172,Pasaje Luxemburgo 804
642812-299,Miriam,Elizondo Jaimes,F,2006-02-01,Electricista,1-798-452-8660x453,Calle Norte de la Torre 827
690849-300,Karla,Valles Camacho,M,1986-07-08,Ingeniero,820.189.8609,Continuación Norte Mondragón 161
930949-301,Genaro,Urbina Villalpando,M,1993-03-02,Profesor,232-073-1428x879,Ampliación San Luis Potosí 998
555739-302,Dalia,Báez Granado,F,1966-04-10,Electricista,1-365-992-9360x552,Viaducto Campeche 128
238010-303,Pascual,Suárez Apodaca,F,1967-05-25,Contador,820-196-3706x9910,Callejón Sur Ponce 616
285764-304,Aldonza,Batista Nieves,F,1982-02-07,Profesor,(695)769-7583x84234,Corredor Perú 992
563144-305,Elvia,Pedraza Quintero,M,1986-09-03,Programador,1-691-830-6922x73833,Peatonal Liechtenstein 207
122073-306,Aldo,Alvarado Laboy,F,2006-08-19,Profesor,772-138-1281x70788,Prolongación Norte Sauceda 867
929713-307,Gabriel,Abrego Blanco,F,1996-11-28,Abogado,036-459-7153x567,Privada Sur García 247
717366-308,Mauricio,Melgar Toro,M,1989-07-26,Ingeniero,724-559-3990x53768,Pasaje Sur Marrero 785
441759-309,Leticia,Tafoya Irizarry,M,1991-11-14,Doctor,100-436-4350x1811,Prolongación Norte Ocasio 346
532771-310,Emilio,Cabrera Martínez,F,2003-02-06,Ingeniero,(842)816-5449,Calzada Federación de Rusia 239
736838-311,Carlos,Tello Villarreal,M,1998-09-24,Profesor,303.424.9770x862,Pasaje Villalpando 866
131477-312,Nayeli,Correa Ramón,M,2002-05-18,Doctor,+91(9)3394762174,Eje vial Aguascalientes 899
436283-313,Rodolfo,Vigil Vallejo,F,1977-01-28,Ingeniero,06500847813,Calle Norte Sepúlveda 338
256974-314,Adriana,Cavazos Ordóñez,F,1980-07-05,Profesor,(067)682-9252x659,Calle Nayarit 448
167895-315,Amador,Segovia Domínguez,F,2004-06-06,Contador,(009)111-3776,Prolongación Mali 499
978446-316,Carlota,Guerra Carranza,M,1985-07-04,Electricista,361.506.0593,Cerrada Baja California 208
307388-317,Adalberto,Casillas Limón,M,1998-03-03,Diseñador,026.309.7203,Retorno Rodarte 228
259034-318,Óliver,Zapata Tamez,F,1979-09-28,Profesor,439.609.0260,Diagonal Sur Ojeda 313
462353-319,Mayte,Sandoval Montero,M,1964-08-24,Doctor,(435)722-5620,Peatonal Jalisco 722
606746-320,Elsa,Arredondo Menéndez,M,1976-12-01,Diseñador,232.987.9754,Calle El Salvador 869
342993-321,Vanesa,Arriaga Maldonado,M,1970-11-03,Programador,(941)539-1959,Pasaje Norte Godínez 331
481699-322,Manuel,Campos Segura,F,1983-05-14,Arquitecto,073-003-3737x3698,Callejón Nueva Zelandia 760
470162-323,Benito,Serna Mesa,M,1983-11-07,Electricista,(628)366-2754,Prolongación Jordania 208
567504-324,Emiliano,Monroy Archuleta,F,1966-11-30,Programador,(718)247-1950x8174,Circuito Sur Benítez 464
829039-325,Alma,Pedraza Chávez,M,1966-04-21,Profesor,009-563-5773x56318,Calzada Verduzco 252
358648-326,Amalia,Lebrón Corral,M,1971-08-19,Profesor,851.149.2772x12265,Andador República Federal Democrática de Nepal 104
464982-327,Ricardo,Cepeda Estrada,F,1991-07-30,Enfermero,+48(2)4641462821,Calle Sur Valles 826
855072-328,Raquel,Candelaria Altamirano,M,2002-07-02,Arquitecto,(501)670-9535x74068,Pasaje Nuevo León 193
993911-329,Pablo,Ortega Rojas,M,1992-03-27,Ingeniero,1-073-167-3609x3347,Privada Bustos 535
634929-330,Yuridia,Piña Rosales,M,1969-07-08,Profesor,+96(5)7349157660,Circuito Congo 329
205226-331,Mitzy,Patiño Iglesias,F,1996-07-24,Enfermero,450-972-9657,Ampliación Chihuahua 887
831019-332,Carlos,Canales Ochoa,F,2002-09-09,Contador,1-474-184-7315,Boulevard Angola 266
570797-333,Mario,Urías Guajardo,M,1979-01-17,Diseñador,443.645.7017x2970,Prolongación Sur Linares 290
964951-334,Juan Carlos,Vergara Bravo,F,1979-10-01,Diseñador,609-340-3025x62671,Circuito Matos 881
615714-335,Marcos,Pabón Morales,M,2004-11-12,Enfermero,688.216.6327,Circuito Afganistán 872
663481-336,Tania,Burgos Sierra,F,1985-12-08,Profesor,202-970-4016,Peatonal Sur Rubio 797
207382-337,Jonás,Perales Montenegro,M,2001-06-10,Doctor,1-559-146-8372x56747,Circuito Coahuila de Zaragoza 710
871566-338,Óscar,Reyna Rosario,M,1984-06-03,Contador,+34(2)0955416485,Calzada Montenegro 473
476355-339,Jonás,Riojas Salgado,F,2006-12-14,Arquitecto,1-239-334-7767x09017,Callejón Avilés 449
329602-340,Jesús,Meléndez Pacheco,M,1991-12-21,Electricista,07565852976,Continuación Veracruz de Ignacio de la Llave 854
922533-341,Maximiliano,Flores Gallegos,M,1967-03-01,Diseñador,(039)165-2478,Prolongación Arabia Saudita 481
278963-342,Isaac,Velázquez Pedroza,F,1973-08-08,Enfermero,378.621.1351x01261,Privada Norte Ybarra 980
980886-343,Mercedes,Jaramillo Rojo,F,1991-09-01,Ingeniero,(068)052-3979,Circunvalación Sur Arenas 907
134377-344,José María,Escamilla Guevara,M,1989-11-13,Enfermero,(701)726-5593,Retorno Rumania 864
539698-345,Daniela,Montenegro Cornejo,F,1986-08-11,Arquitecto,(684)239-3164x4813,Diagonal Zacatecas 368
467375-346,Darío,Anguiano Gaytán,F,1987-10-31,Contador,241.583.0995x525,Continuación Norte Menéndez 813
487868-347,María,Verdugo Cazares,M,2001-07-06,Diseñador,(044)674-2756,Avenida Briones 226
512099-348,Paulina,Narváez Acuña,M,1964-12-08,Programador,1-169-507-4839x2378,Calle Ruelas 137
868547-349,Luisa,Melgar Espinoza,M,2000-08-04,Ingeniero,1-559-385-5138x8605,Retorno Badillo 116
738596-350,María Cristina,Corrales Figueroa,M,1970-03-18,Doctor,00098974247,Cerrada Cuellar 672
852116-351,Sandra,Morales Rosales,M,1996-01-28,Electricista,102-132-2153,Cerrada Colima 876
977507-352,Ricardo,Valdez Pacheco,F,1968-01-01,Electricista,579.196.4772x87121,Periférico Sur Soto 609
948294-353,María Elena,Villalobos Pizarro,M,1990-08-11,Ingeniero,686-868-7661,Diagonal Nigeria 547
533432-354,César,Olivárez Loya,M,1998-11-24,Arquitecto,729-453-7631,Boulevard Uzbekistán 680
597159-355,Reynaldo,Altamirano Segura,M,1993-08-01,Abogado,1-090-478-6630,Diagonal Norte Barreto 369
496754-356,Modesto,Portillo de Anda,M,1965-02-06,Doctor,1-316-093-8666,Periférico Sur Montoya 755
455783-357,Amanda,Rojas Muñoz,M,1979-04-03,Diseñador,1-950-502-2386x884,Cerrada Arenas 379
542392-358,Mayte,Hernández Franco,M,1984-08-13,Diseñador,(192)325-4990,Retorno Sur Salgado 897
376505-359,María Elena,Reyes Paz,F,1978-04-05,Diseñador,1-523-730-3251,Retorno Samoa 871
672695-360,Wendolin,Ortega Segura,M,1971-11-04,Electricista,1-136-472-7132,Diagonal Campeche 915
149693-361,Serafín,Delgado Barragán,M,1971-09-11,Arquitecto,667.814.1777,Retorno Costa Rica 240
907625-362,Zacarías,Becerra Montalvo,F,2004-03-19,Arquitecto,526-452-4435x620,Corredor Sur Angulo 217
503953-363,Bernardo,Centeno Zedillo,F,1990-06-16,Arquitecto,1-638-454-1428x412,Periférico Norte Escobar 755
248923-364,Francisco Javier,Mesa Benavides,M,2006-05-01,Diseñador,1-305-932-8331x7856,Retorno Sur Bernal 983
423984-365,Andrés,Gutiérrez Olmos,F,1978-01-06,Arquitecto,420.345.6078x51086,Andador Emiratos Árabes Unidos 230
265160-366,Estefanía,Apodaca Cabrera,F,1974-06-02,Programador,732-385-4037,Prolongación Porras 956
784355-367,Serafín,Laureano Zedillo,M,1982-05-26,Arquitecto,(061)182-4838,Peatonal Gamboa 825
137179-368,Mateo,Aguirre Valle,M,1992-09-10,Electricista,+01(6)5635726081,Ampliación Norte Romero 570
201553-369,Eduardo,Quiñónez Padilla,M,2000-12-16,Arquitecto,085.778.3024x52727,Continuación Baja California 534
258408-370,Leonor,Rolón Nazario,M,1997-04-10,Ingeniero,734-586-2401x3065,Viaducto Oaxaca 816
915210-371,Mercedes,Lara Ballesteros,F,1988-01-28,Doctor,1-442-310-5310,Circuito Colombia 722
645407-372,Elsa,Avilés Caballero,M,1994-01-20,Programador,439.026.1026x5475,Eje vial Quintana Roo 172
169082-373,Martín,Luevano Armenta,F,1980-05-04,Ingeniero,1-526-438-2071x5276,Periférico Norte Melgar 219
875106-374,Teresa,Armenta Salas,M,1989-10-06,Profesor,(099)742-6221x852,Circuito Jamaica 925
885323-375,Isabel,Olivo Marroquín,M,1990-10-04,Arquitecto,151.592.9342x364,Prolongación Sinaloa 184
395165-376,Ramiro,Centeno Osorio,F,1999-05-24,Profesor,08981321986,Callejón República Dominicana 932
561962-377,Carla,Peralta Salinas,F,1981-05-16,Abogado,(857)434-8990x05442,Peatonal Norte Escobedo 104
350528-378,Nadia,Cisneros Murillo,M,2002-12-08,Enfermero,626.004.8785,Privada Rodrígez 659
182294-379,Sergio,Baeza Vallejo,M,1999-07-12,Ingeniero,883.901.7269x309,Privada Campeche 179
771114-380,Omar,Villanueva Colón,F,1964-05-21,Abogado,005-990-3417x33382,Boulevard Norte Arellano 558
955516-381,Ana,Ledesma Santiago,M,1989-05-02,Enfermero,883.092.9152,Viaducto Yucatán 593
980489-382,Marisol,Vaca Puente,F,1995-07-04,Abogado,+27(1)6008086802,Eje vial Zamora 673
861430-383,Espartaco,Aguayo Rico,F,1995-07-27,Diseñador,206.402.6213,Calzada Hidalgo 116
271979-384,Arcelia,Carrera Sanabria,M,1968-02-27,Contador,1-930-757-4882x94893,Calzada Norte Terrazas 992
408944-385,Abigail,Robles Gómez,F,1968-11-25,Abogado,(776)377-6323,Privada Nájera 892
902335-386,Esperanza,Mares Ozuna,F,1988-05-23,Diseñador,1-668-160-0139x649,Andador Egipto 460
886879-387,Karina,Montes Mares,M,1989-06-21,Arquitecto,640.877.2431x4716,Viaducto Norte Ozuna 413
265591-388,Alfredo,Almonte Espinal,F,1973-03-20,Profesor,462-435-9816,Viaducto México 528
736417-389,Aida,Casárez Armas,M,1973-06-01,Contador,+95(9)7907703328,Privada Viera 399
962460-390,Minerva,Zayas Nájera,F,1972-03-12,Profesor,628-307-4739x093,Prolongación Sur Carrión 444
635255-391,Abigail,Solís Cardenas,M,1981-05-21,Arquitecto,109.554.0949,Circuito Rubio 891
769966-392,Abigail,Moreno Márquez,F,1968-05-27,Ingeniero,960.581.8868x469,Peatonal Nuevo León 404
271271-393,Daniel,Aguilera Cabrera,M,1985-05-07,Enfermero,+48(1)3083302033,Periférico Suárez 834
900751-394,Elsa,Guajardo Laureano,M,1976-08-07,Electricista,09080235062,Cerrada Chipre 777
435383-395,Gloria,Ibarra Reynoso,F,1995-04-10,Doctor,(376)986-8881x3647,Continuación Sierra Leona 910
780086-396,Anel,Valenzuela Armas,M,1999-10-14,Contador,+53(1)0557918471,Corredor Querétaro 546
115442-397,María Eugenia,Villegas Gaytán,M,1978-08-11,Programador,(557)315-8801,Calzada Sonora 827
284956-398,Sandra,Robles Granado,F,1981-12-01,Doctor,1-321-341-5402x61770,Boulevard Murillo 563
458325-399,Abel,Coronado Toro,F,2005-10-31,Abogado,(355)554-9202x341,Pasaje Norte Molina 960
334601-400,Berta,Cortez Heredia,F,1967-05-22,Electricista,(202)556-3292x7331,Cerrada Tuvalu 887
737880-401,Aldo,Aguilar Almaraz,M,1968-10-31,Enfermero,(219)650-8508x3664,Calle Sur Pulido 921
512287-402,Zacarías,Mora Núñez,M,1974-11-27,Ingeniero,+70(1)7670081799,Continuación Puente 926
379073-403,Jesús,Avilés Regalado,F,1967-04-29,Diseñador,124-545-3841,Viaducto República Centroafricana 227
866163-404,Pilar,Cisneros Mercado,F,1999-02-27,Electricista,132-069-1811x3514,Viaducto Norte Alemán 186
676449-405,Esperanza,Alfaro Gastélum,M,2002-01-27,Diseñador,(247)766-8256x747,Callejón Norte Robledo 957
265422-406,Lourdes,Godoy Ávila,F,1968-04-17,Ingeniero,(510)499-2955x618,Andador Norte Ontiveros 210
497889-407,Inés,Madrid Raya,M,1979-07-07,Diseñador,09498259377,Avenida Segura 335
235619-408,Trinidad,Carmona Godínez,F,1965-02-04,Doctor,1-026-391-8649x3565,Corredor Michoacán de Ocampo 501
129204-409,Sara,Olivárez Ávila,F,1978-09-12,Programador,787.296.0542x67486,Calle Sur Curiel 171
389689-410,Socorro,Segovia Tello,M,1995-03-29,Programador,665.188.1918x3201,Pasaje Sur Salcido 749
928170-411,Zacarías,Vallejo Villa,F,1986-10-11,Electricista,+50(7)1990908762,Pasaje Sur Montez 563
946376-412,Héctor,Sevilla Rosas,M,1968-04-24,Enfermero,(418)985-5315x413,Andador Cuba 823
663234-413,Sandra,Valladares Rodrígez,F,1984-02-29,Profesor,033.036.2558,Ampliación Lara 491
867590-414,Raúl,Puente Tamayo,F,1983-12-23,Abogado,(524)078-7197,Ampliación Puebla 902
687338-415,Blanca,Candelaria Olivo,F,1985-03-13,Profesor,09563818744,Pasaje Distrito Federal 927
963188-416,Virginia,Gamboa Alva,M,1986-10-03,Programador,(983)041-3125,Retorno Jalisco 147
615486-417,Raúl,Gamez Arreola,F,1980-10-19,Arquitecto,654.614.0399x1609,Calzada Nuevo León 398
553989-418,Guadalupe,Villanueva de la Rosa,M,1985-12-28,Profesor,833-117-1915,Calzada Coahuila de Zaragoza 538
118944-419,Marisol,Mesa Mateo,M,1982-10-23,Electricista,801.220.1040x4772,Circunvalación Norte Solorio 558
966516-420,Cornelio,Guerra del Río,F,1971-12-19,Programador,204.958.1570x8718,Avenida Hidalgo 522
186688-421,Yolanda,Serna Miramontes,F,1983-02-21,Arquitecto,436.758.3760,Privada Campeche 128
636125-422,Verónica,Salazar Angulo,F,1997-04-30,Contador,09754237308,Eje vial Barrera 636
396525-423,Samuel,Jaramillo Arreola,F,2000-10-26,Enfermero,1-333-379-3704x856,Calle Nayarit 768
641136-424,Irma,Vargas Ocampo,M,1983-02-17,Ingeniero,(615)917-5901,Privada Albania 466
859197-425,Susana,Holguín Perales,F,1980-08-22,Doctor,1-867-195-7794x575,Circunvalación Jamaica 133
801497-426,Violeta,Guajardo Rolón,M,1974-02-14,Abogado,197.142.2874,Ampliación Norte Valenzuela 410
892393-427,Modesto,Archuleta Barela,M,1969-04-08,Profesor,(833)753-7824x55315,Periférico Baja California Sur 913
610781-428,Nelly,Quiñónez Echeverría,F,1990-03-20,Contador,607-717-7310x97760,Viaducto Padrón 920
919411-429,Julio César,Chacón Ceballos,M,1996-01-01,Contador,(691)133-0947x927,Ampliación Norte Marrero 835
527760-430,Hermelinda,Sotelo Armenta,F,1988-09-29,Programador,09183253183,Diagonal Veracruz de Ignacio de la Llave 945
437439-431,Mercedes,Medina Rosales,M,2001-01-04,Arquitecto,713.564.3730x1164,Calle Sur Portillo 258
250152-432,Elisa,Saucedo Guevara,F,1981-09-04,Profesor,(177)472-3794x38888,Circuito República de Macedonia del Norte 101
939519-433,Araceli,Preciado Mota,F,1976-10-06,Profesor,391-372-3572x1855,Eje vial Norte Urrutia 324
969452-434,Humberto,Valle Girón,M,2003-07-10,Programador,916-040-9806,Boulevard Jalisco 491
630834-435,Esparta,Zayas Madrigal,M,1980-11-24,Electricista,06176778434,Privada Vaca 921
718123-436,Florencia,Treviño Amaya,F,1998-11-09,Doctor,(869)362-9527,Circuito Sur Lozada 317
955533-437,Sergio,Vázquez Guzmán,M,1994-05-05,Contador,129.373.1167x0309,Calzada Hernández 530
474435-438,Marcos,Verduzco Salazar,F,1971-07-28,Electricista,1-473-588-1631,Andador Jaime 223
483432-439,Wendolin,Abreu Loya,F,1969-09-11,Ingeniero,1-356-236-6987,Peatonal Campeche 648
495684-440,Paulina,Jáquez Vallejo,M,1990-03-20,Profesor,(772)169-7864,Diagonal Armenia 501
773526-441,Amelia,Mireles Angulo,M,1984-04-17,Abogado,08642540754,Calzada Norte Hernandes 330
840820-442,Samuel,Madrid Serrano,F,1992-10-27,Electricista,488-722-6800x1933,Viaducto San Luis Potosí 354
676233-443,Graciela,Arreola Viera,M,1974-02-27,Electricista,172-082-9078,Cerrada Tlaxcala 206
434185-444,Verónica,Prado Olivera,F,2000-12-17,Enfermero,(498)161-7900x358,Andador Sonora 784
396123-445,Lorena,Ortega Caldera,M,1973-10-31,Programador,(110)723-1358,Retorno Swazilandia 783
966730-446,Hilda,Camacho Carranza,F,1989-12-30,Contador,(778)067-6693x18556,Cerrada Botswana 183
377134-447,Micaela,Mendoza de la O,F,1991-06-07,Ingeniero,239-752-9728,Calle Swazilandia 673
164825-448,Luis,Lozano Espino,M,1980-08-13,Profesor,644-113-1262,Privada Sur Villa 452
477857-449,Ignacio,Ojeda Montemayor,F,1992-06-30,Profesor,1-906-405-2610x142,Boulevard Sur Razo 532
145114-450,Diego,Sandoval Soria,M,1989-07-28,Abogado,837-258-4760,Cerrada Norte Magaña 164
360528-451,David,Villalpando Cortés,M,1977-08-12,Contador,(757)586-4417,Calle Norte Toro 129
508008-452,Arcelia,Cardenas Ramos,M,1971-01-16,Programador,(008)114-6914,Periférico Albania 101
252918-453,Elena,Curiel Aguilera,F,1986-07-16,Ingeniero,625-775-8959,Calzada Blanco 369
504057-454,Jerónimo,Barreto Ramón,M,2001-06-19,Arquitecto,977.100.1838,Periférico Samoa 262
177245-455,Pamela,Miramontes Santiago,F,1993-01-19,Enfermero,(774)074-5201x08022,Diagonal Distrito Federal 543
367209-456,Arcelia,Pedroza Arredondo,M,1977-09-14,Ingeniero,459-690-9793x642,Continuación Nuevo León 361
144289-457,Florencia,Sáenz Guajardo,M,1991-01-08,Ingeniero,1-628-139-7027x47295,Calle Distrito Federal 501
730699-458,Modesto,Carvajal Guerra,M,1964-11-06,Doctor,04935886776,Prolongación Sur Covarrubias 481
797606-459,Irene,Zepeda Acevedo,F,1989-12-10,Doctor,(869)529-5305x25528,Avenida Irán 790
291543-460,Zeferino,Mares Gálvez,M,1997-07-03,Electricista,(292)551-1316,Boulevard Baca 431
222940-461,Susana,Vallejo Burgos,F,1982-06-16,Diseñador,1-118-356-3240x08630,Retorno Sur Carrillo 546
380177-462,Norma,Sáenz Rubio,M,1999-08-08,Diseñador,(027)445-2736x18195,Calle México 650
617283-463,Alicia,Montero Mares,F,1968-11-29,Profesor,250.682.2383x042,Avenida Honduras 789
719675-464,Abigail,Manzanares de la Rosa,M,1986-01-29,Profesor,634.102.4171,Boulevard Lozada 396
425928-465,Wilfrido,Rascón Ceballos,F,1969-04-29,Enfermero,461-106-0508,Periférico Sur Pineda 354
821632-466,Adela,Mota Bustamante,F,1975-09-17,Contador,719-088-5791x3920,Circunvalación Granados 413
221849-467,Citlali,Mejía Jurado,M,1989-10-06,Abogado,1-041-526-6225,Eje vial Oaxaca 937
991424-468,Espartaco,Ayala Alba,F,1985-08-04,Enfermero,(683)534-7371,Pasaje Norte Porras 105
807278-469,Óscar,Fierro Roque,M,2004-09-07,Profesor,370-942-4402x99366,Retorno Zacatecas 125
131578-470,Mónica,Olivera Domínguez,F,1970-05-06,Contador,+96(3)9261909634,Calzada Paraguay 621
305955-471,Fernando,Ochoa Alonso,M,1980-07-29,Ingeniero,240.639.2659x9841,Callejón Norte Aparicio 606
267532-472,Esperanza,Sierra Galván,M,1989-11-26,Profesor,049.785.1965,Diagonal Azerbaiyán 767
773793-473,Homero,Dávila Esparza,F,1970-10-05,Profesor,426.594.0415x1162,Circunvalación Sur Leiva 195
574113-474,Esther,Rolón Oquendo,F,1996-04-25,Diseñador,1-808-808-7269x060,Privada Distrito Federal 687
892495-475,Aldonza,Cabán Leiva,M,1983-06-20,Programador,(727)002-1583x756,Prolongación Elizondo 392
199492-476,Bruno,Valdés Porras,F,1976-12-23,Contador,(477)734-9560,Boulevard Solano 157
488961-477,Perla,Polanco Márquez,M,1988-04-12,Enfermero,873.778.9269x89199,Calzada Lituania 323
530837-478,Adela,Pérez Caballero,F,2001-03-02,Ingeniero,(416)208-7776x7210,Eje vial Carrasco 487
653171-479,Beatriz,Limón Garrido,F,1989-08-21,Arquitecto,+49(0)5210541987,Retorno Eritrea 842
936297-480,Benjamín,Brito Villegas,M,1968-10-24,Ingeniero,445-695-0452x19377,Boulevard Sur Perea 394
638293-481,Marisol,Griego Quintero,M,1983-05-27,Ingeniero,303.921.4394,Continuación Sur Garay 275
401746-482,Wilfrido,Hernandes Segura,M,1984-06-14,Abogado,370-449-9861x23895,Andador Palacios 139
768476-483,Josefina,Partida Soto,F,1976-06-28,Abogado,(224)199-1689x44559,Calle Menchaca 232
640119-484,Karina,Molina Lozada,M,1972-02-17,Abogado,00464814918,Peatonal Veracruz de Ignacio de la Llave 367
303959-485,Miriam,Mena Saucedo,M,1986-07-23,Electricista,1-991-468-1973,Retorno Jalisco 813
465045-486,Patricio,Casillas Dávila,M,1997-08-20,Abogado,04219678329,Pasaje Estonia 645
357049-487,Marcos,Carrillo Véliz,M,1995-03-28,Contador,806.877.8923,Andador Marín 298
697176-488,Delia,Arroyo Olivo,M,1986-01-29,Abogado,(878)515-4647x547,Privada Sur Saucedo 718
931669-489,Marcos,Valles Medina,M,1978-05-02,Abogado,235.334.5907x71081,Peatonal Argentina 487
847534-490,Abraham,Amaya Velásquez,F,2003-01-23,Enfermero,(944)391-9531x871,Privada Norte Polanco 964
538290-491,Amalia,Nájera Cabrera,M,2006-06-08,Arquitecto,06614336956,Boulevard Guevara 603
107304-492,Ángel,Miramontes Zaragoza,F,1988-01-03,Profesor,+09(3)2707115812,Cerrada Sur Tapia 476
199498-493,Rocío,Tafoya Durán,M,1971-02-11,Abogado,1-109-599-0192x45440,Eje vial Sur Ferrer 438
158496-494,Santiago,Cisneros Almaraz,M,2004-01-15,Contador,1-679-875-2911,Corredor Sur Domínguez 300
617260-495,Gerónimo,Ruelas Malave,F,1982-10-25,Doctor,1-044-812-9743,Prolongación Ramón 519
518405-496,Alfonso,Pizarro Arevalo,M,1973-08-23,Contador,+33(2)9946839025,Circuito Malasia 467
509524-497,Laura,Garay Romero,F,1979-02-28,Profesor,741-482-2423x5285,Circuito Federación de Rusia 837
809898-498,Antonia,Covarrubias Serna,M,2003-03-10,Programador,04230973907,Viaducto Baja California 693
152177-499,Arturo,Guajardo Pabón,F,1965-10-26,Diseñador,032-827-0158x6097,Viaducto Veracruz de Ignacio de la Llave 468
